City_ID,City,Country,Date,Lat,Lng,Max Temp,Humidity,Cloudiness,Wind Speed
0,Busselton,AU,4/22/2022 19:38,-33.65,115.3333,57.22,73,0,13.09
1,Geraldton,AU,4/22/2022 19:38,-28.7667,114.6,68.41,40,0,21.85
2,Ushuaia,AR,4/22/2022 19:35,-54.8,-68.3,49.66,50,40,13.8
3,Salalah,OM,4/22/2022 19:38,17.0151,54.0924,82.49,78,20,4.61
4,Ponta Do Sol,PT,4/22/2022 19:38,32.6667,-17.1,65.03,65,89,15.17
5,Kristiansund,NO,4/22/2022 19:38,63.1115,7.732,50.05,76,20,17.27
6,Mongoumba,CF,4/22/2022 19:38,3.6415,18.5936,76.08,77,97,1.83
7,Hamilton,US,4/22/2022 19:34,39.1834,-84.5333,77.94,39,0,10.36
8,Walvis Bay,NA,4/22/2022 19:38,-22.9575,14.5053,59.95,88,0,4.61
9,Jalu,LY,4/22/2022 19:38,29.0331,21.5482,82.71,9,98,14.34
10,Aracaju,BR,4/22/2022 19:38,-10.9111,-37.0717,84.15,74,40,10.36
11,Santa Maria,BR,4/22/2022 19:37,-29.6842,-53.8069,74.5,64,40,4.61
12,Labrea,BR,4/22/2022 19:38,-7.2586,-64.7981,89.91,50,75,3.09
13,Kommunisticheskiy,RU,4/22/2022 19:38,61.6789,64.4819,9.82,97,39,1.57
14,Ilulissat,GL,4/22/2022 19:38,69.2167,-51.1,23.02,80,100,5.75
15,Margate,GB,4/22/2022 19:35,51.3813,1.3862,51.12,86,100,7
16,Jamestown,US,4/22/2022 19:38,42.097,-79.2353,60.53,27,0,8.05
17,Saint-Pierre,RE,4/22/2022 19:38,-21.3393,55.4781,76.68,82,75,23.02
18,Dikson,RU,4/22/2022 19:38,73.5069,80.5464,-7.22,100,100,6.42
19,Iquitos,PE,4/22/2022 19:38,-3.7481,-73.2472,84.24,74,40,6.91
20,Qaanaaq,GL,4/22/2022 19:38,77.484,-69.3632,7.18,72,100,2.35
21,Bathsheba,BB,4/22/2022 19:38,13.2167,-59.5167,86.61,51,20,17.27
22,Sakakah,SA,4/22/2022 19:38,29.9697,40.2064,81.97,13,99,14.81
23,Bredasdorp,ZA,4/22/2022 19:38,-34.5322,20.0403,60.91,51,100,8.01
24,Punta Arenas,CL,4/22/2022 19:38,-53.15,-70.9167,48.31,61,75,11.5
25,Irbil,IQ,4/22/2022 19:38,36.1926,44.0106,60.62,33,0,1.14
26,Bengkulu,ID,4/22/2022 19:38,-3.8004,102.2655,77.07,88,100,5.79
27,Maputo,MZ,4/22/2022 19:38,-25.9653,32.5892,73.22,87,40,6.91
28,Hithadhoo,MV,4/22/2022 19:38,-0.6,73.0833,84.79,71,100,11.61
29,Saldanha,ZA,4/22/2022 19:38,-33.0117,17.9442,59.05,70,0,26.96
30,Saint George,US,4/22/2022 19:35,37.1041,-113.5841,55.63,55,100,25.32
31,Santa Vitoria Do Palmar,BR,4/22/2022 19:38,-33.5189,-53.3681,59.38,92,100,7.29
32,Necochea,AR,4/22/2022 19:38,-38.5473,-58.7368,56.32,74,100,24.23
33,Tigzirt,DZ,4/22/2022 19:38,36.8886,4.1198,60.49,65,20,12.93
34,Seminole,US,4/22/2022 19:38,28.7086,-81.2081,82.49,61,75,14.97
35,Coquimbo,CL,4/22/2022 19:38,-29.9533,-71.3436,64.13,63,0,14.97
36,Golkoy,TR,4/22/2022 19:38,40.6875,37.6178,38.61,72,32,4.88
37,Kruisfontein,ZA,4/22/2022 19:38,-34.0033,24.7314,58.89,82,100,9.1
38,Mayor Pablo Lagerenza,PY,4/22/2022 19:38,-19.9309,-60.7718,98.94,28,5,15.08
39,Hermanus,ZA,4/22/2022 19:38,-34.4187,19.2345,58.8,61,85,11.16
40,Marienburg,PL,4/22/2022 19:38,54.0359,19.0266,46.85,83,22,7.54
41,Arraial Do Cabo,BR,4/22/2022 19:38,-22.9661,-42.0278,80.56,78,0,9.22
42,Floro,NO,4/22/2022 19:38,61.5996,5.0328,57.16,47,4,5.75
43,Ancud,CL,4/22/2022 19:38,-41.8697,-73.8203,53.22,89,100,17.05
44,Victoria,HK,4/22/2022 19:38,22.2855,114.1577,77.38,90,9,4
45,Kavaratti,IN,4/22/2022 19:38,10.5669,72.642,84.52,71,97,3.36
46,Castro,BR,4/22/2022 19:38,-24.7911,-50.0119,66.43,84,7,8.57
47,Thinadhoo,MV,4/22/2022 19:34,0.5333,72.9333,84.43,74,100,12.33
48,Westport,US,4/22/2022 19:39,41.1415,-73.3579,69.89,30,0,17.27
49,Puerto Maldonado,PE,4/22/2022 19:39,-12.6,-69.1833,91.8,55,40,6.91
50,East London,ZA,4/22/2022 19:39,-33.0153,27.9116,64.81,93,98,13.44
51,Chuy,UY,4/22/2022 19:39,-33.6971,-53.4616,56.97,95,100,7.76
52,Mar Del Plata,AR,4/22/2022 19:37,-38.0023,-57.5575,58.87,76,75,17.27
53,Bonga,ET,4/22/2022 19:39,7.2833,36.2333,59.83,97,100,2.37
54,Mocuba,MZ,4/22/2022 19:39,-16.8392,36.9856,71.38,98,93,3
55,Atar,MR,4/22/2022 19:39,20.5169,-13.0499,82.83,17,66,13
56,Awjilah,LY,4/22/2022 19:39,29.1081,21.2869,82.4,9,95,14.03
57,Yar-Sale,RU,4/22/2022 19:39,66.8333,70.8333,-3.21,98,58,8.5
58,Kautokeino,NO,4/22/2022 19:39,69.0125,23.0412,31.28,89,99,9.04
59,Uarini,BR,4/22/2022 19:39,-2.99,-65.1083,83.97,75,51,1.48
60,Saint-Philippe,RE,4/22/2022 19:39,-21.3585,55.7679,76.59,83,71,18.75
61,Mahebourg,MU,4/22/2022 19:39,-20.4081,57.7,77.29,73,75,14.97
62,Riyadh,SA,4/22/2022 19:39,24.6877,46.7219,78.94,13,56,6.51
63,Talara,PE,4/22/2022 19:39,-4.5772,-81.2719,81.36,57,0,18.41
64,Taoudenni,ML,4/22/2022 19:39,22.6783,-3.9836,84.99,7,47,10.16
65,Muravlenko,RU,4/22/2022 19:39,63.7898,74.523,6.42,94,100,12.33
66,Loubomo,CG,4/22/2022 19:39,-4.1997,12.6739,73.27,97,100,4.18
67,Cockburn Town,TC,4/22/2022 19:39,21.4612,-71.1419,80.56,65,40,11.5
68,Sioux Lookout,CA,4/22/2022 19:38,50.1001,-91.917,39.27,56,100,9.22
69,Methoni,GR,4/22/2022 19:39,36.8197,21.7049,62.22,80,100,10.45
70,Cape Town,ZA,4/22/2022 19:36,-33.9258,18.4232,60.12,71,20,18.41
71,Lagoa,PT,4/22/2022 19:39,39.05,-27.9833,56.77,69,100,12.48
72,Kismayo,SO,4/22/2022 19:39,-0.3582,42.5454,81.68,78,100,10.8
73,Havre-Saint-Pierre,CA,4/22/2022 19:37,50.2334,-63.5986,35.96,100,100,14.97
74,Los Llanos De Aridane,ES,4/22/2022 19:39,28.6585,-17.9182,64.15,76,75,6.91
75,Saint-Joseph,RE,4/22/2022 19:39,-21.3667,55.6167,75.58,81,50,17.52
76,Nizwa,OM,4/22/2022 19:39,22.9333,57.5333,82.81,24,90,2.8
77,Sorland,NO,4/22/2022 19:38,67.667,12.6934,40.86,79,93,18.52
78,Rozmital Pod Tremsinem,CZ,4/22/2022 19:39,49.602,13.8643,46.35,100,100,6.69
79,Tasiilaq,GL,4/22/2022 19:39,65.6145,-37.6368,41.16,94,100,5.82
80,Dingle,PH,4/22/2022 19:39,10.9995,122.6711,76.15,91,26,7.07
81,Codrington,AU,4/22/2022 19:39,-38.2667,141.9667,45.9,87,5,6.51
82,Sompeta,IN,4/22/2022 19:39,18.9333,84.6,80.89,82,4,14.38
83,Dwarahat,IN,4/22/2022 19:39,29.7833,79.4333,59.29,48,1,4.32
84,Pihani,IN,4/22/2022 19:39,27.6333,80.2,85.12,19,4,5.61
85,Torbay,CA,4/22/2022 19:35,47.6666,-52.7314,48.97,62,100,12.66
86,Port Hawkesbury,CA,4/22/2022 19:39,45.6169,-61.3485,53.55,84,40,5.99
87,Soyo,AO,4/22/2022 19:39,-6.1349,12.3689,79.2,87,11,6.4
88,Berberati,CF,4/22/2022 19:39,4.2612,15.7922,73,79,73,3.13
89,Nanortalik,GL,4/22/2022 19:39,60.1432,-45.2371,35.96,98,100,1.97
90,Narsaq,GL,4/22/2022 19:40,60.9167,-46.05,50.22,78,100,3.6
91,Kutina,HR,4/22/2022 19:40,45.475,16.7819,49.82,97,100,3.67
92,Ostrovnoy,RU,4/22/2022 19:40,68.0531,39.5131,29.62,91,100,12.95
93,Pisco,PE,4/22/2022 19:36,-13.7,-76.2167,69.85,73,0,20.71
94,Goderich,CA,4/22/2022 19:40,43.7501,-81.7165,43.92,81,100,8.32
95,Baft,IR,4/22/2022 19:40,29.234,56.6057,56.88,44,52,3.02
96,Raudeberg,NO,4/22/2022 19:40,61.9875,5.1352,56.07,78,42,16.96
97,Nadym,RU,4/22/2022 19:40,65.5333,72.5167,0.41,99,84,9.57
98,Port Elizabeth,ZA,4/22/2022 19:40,-33.918,25.5701,61.32,85,0,16.11
99,Upernavik,GL,4/22/2022 19:41,72.7868,-56.1549,13.05,83,100,3.8
100,Stornoway,GB,4/22/2022 19:41,58.2093,-6.3865,47.93,92,75,18.41
101,Caravelas,BR,4/22/2022 19:41,-17.7125,-39.2481,78.21,69,9,6.96
102,Luderitz,NA,4/22/2022 19:41,-26.6481,15.1594,62.4,71,0,18.63
103,Acarau,BR,4/22/2022 19:41,-2.8856,-40.12,80.44,82,95,10.29
104,Cidreira,BR,4/22/2022 19:41,-30.1811,-50.2056,72.03,75,100,10.56
105,San Vicente De Canete,PE,4/22/2022 19:41,-13.0751,-76.3835,71.83,79,60,8.5
106,Sao Jose Da Coroa Grande,BR,4/22/2022 19:41,-8.8978,-35.1478,80.49,80,18,6.89
107,Vardo,NO,4/22/2022 19:41,70.3705,31.1107,35.58,93,75,11.5
108,Georgetown,MY,4/22/2022 19:36,5.4112,100.3354,80.53,93,20,2.3
109,Port Alfred,ZA,4/22/2022 19:41,-33.5906,26.891,61.18,92,100,1.99
110,Beni,CD,4/22/2022 19:41,0.5,29.4667,62.2,99,71,2.26
111,Rokytne,UA,4/22/2022 19:41,51.2796,27.214,41.79,96,100,3.04
112,Hobyo,SO,4/22/2022 19:41,5.3505,48.5268,83.57,73,73,12.35
113,Ambilobe,MG,4/22/2022 19:41,-13.2,49.05,73.54,92,79,4.18
114,Chake Chake,TZ,4/22/2022 19:41,-5.2459,39.7666,79.86,78,97,5.08
115,Tumaco,CO,4/22/2022 19:41,1.7986,-78.8156,80.67,80,39,8.39
116,Ribeira Grande,PT,4/22/2022 19:41,38.5167,-28.7,59.4,63,75,10.36
117,Boende,CD,4/22/2022 19:41,-0.2167,20.8667,73.4,91,96,1.57
118,Berlevag,NO,4/22/2022 19:41,70.8578,29.0864,39.15,81,75,17.27
119,Leirvik,NO,4/22/2022 19:41,59.7798,5.5005,50.05,73,0,8.28
120,Sept-Iles,CA,4/22/2022 19:40,50.2001,-66.3821,46.92,57,75,10.36
121,Quibdo,CO,4/22/2022 19:41,5.6947,-76.6611,91.74,49,40,6.91
122,Mehamn,NO,4/22/2022 19:41,71.0357,27.8492,39.11,80,75,17.27
123,Andenes,NO,4/22/2022 19:41,69.3143,16.1194,39.18,87,75,11.5
124,Ribeira Brava,PT,4/22/2022 19:41,32.65,-17.0667,65.03,65,89,15.46
125,Lebu,CL,4/22/2022 19:41,-37.6167,-73.65,57.38,85,73,8.21
126,Nantucket,US,4/22/2022 19:41,41.2835,-70.0995,68.14,37,0,16.11
127,Saquarema,BR,4/22/2022 19:41,-22.92,-42.5103,80.74,81,0,6.64
128,Sistranda,NO,4/22/2022 19:37,63.7256,8.834,44.56,82,100,22.39
129,Bure,ET,4/22/2022 19:41,10.7,37.0667,62.91,71,100,4.63
130,Gagarin,RU,4/22/2022 19:41,55.5529,34.9954,44.35,74,100,3.98
131,San Jose De Tarros,HN,4/22/2022 19:41,15.3,-88.7,68.94,80,100,3.94
132,Ericeira,PT,4/22/2022 19:41,38.9627,-9.4156,53.82,84,100,20.62
133,Verkhnyaya Toyma,RU,4/22/2022 19:41,62.2349,44.9985,29.64,98,23,2.3
134,Vryburg,ZA,4/22/2022 19:42,-26.9566,24.7284,66.16,59,100,5.88
135,Agara,GE,4/22/2022 19:42,42.0376,43.8238,46.9,85,7,3.18
136,Lyngseidet,NO,4/22/2022 19:42,69.5763,20.2189,37.4,92,100,7.23
137,Savannah Bight,HN,4/22/2022 19:42,16.45,-85.85,80.76,76,70,14.03
138,Trelew,AR,4/22/2022 19:40,-43.249,-65.3051,61.25,29,61,12.3
139,Sinnamary,GF,4/22/2022 19:42,5.3833,-52.95,75.07,94,100,4.52
140,Korla,CN,4/22/2022 19:42,41.7597,86.1469,63.77,24,36,3
141,Iseyin,NG,4/22/2022 19:42,7.9667,3.6,75.85,92,100,7.14
142,Biskamzha,RU,4/22/2022 19:42,53.4497,89.5272,15.39,94,84,4.81
143,Hanstholm,DK,4/22/2022 19:42,57.1167,8.6167,50.63,67,2,18.95
144,Saint-Georges,GD,4/22/2022 19:42,12.0564,-61.7485,82.08,69,75,23.02
145,Biltine,TD,4/22/2022 19:42,14.5333,20.9167,91.63,14,9,6.06
146,Rocha,UY,4/22/2022 19:42,-34.4833,-54.3333,55.02,96,100,9.91
147,Grindavik,IS,4/22/2022 19:42,63.8424,-22.4338,48.15,81,100,13.8
148,Sambava,MG,4/22/2022 19:40,-14.2667,50.1667,76.78,87,100,7.34
149,Skelleftea,SE,4/22/2022 19:42,64.7507,20.9528,43.16,61,100,3.44
150,Novo Aripuana,BR,4/22/2022 19:42,-5.1206,-60.3797,80.44,79,92,2.71
151,Saint-Denis,FR,4/22/2022 19:42,48.9167,2.3333,62.15,57,0,9.22
152,Eyl,SO,4/22/2022 19:42,7.9803,49.8164,82.54,76,37,8.5
153,Pangnirtung,CA,4/22/2022 19:42,66.1451,-65.7125,10.4,79,0,3.44
154,Saint-Louis,SN,4/22/2022 19:42,16.3333,-15,96.44,13,21,11.77
155,Khorixas,NA,4/22/2022 19:42,-20.3667,14.9667,74.16,30,0,1.28
156,Mopti,ML,4/22/2022 19:42,14.6667,-4,94.21,10,69,8.84
157,Tabuk,PH,4/22/2022 19:42,17.4189,121.4443,72.75,93,6,3.98
158,Vila Velha,BR,4/22/2022 19:42,-20.3297,-40.2925,89.55,60,0,11.5
159,Pombia,IT,4/22/2022 19:42,45.653,8.6336,58.17,70,75,6.91
160,Zapolyarnyy,RU,4/22/2022 19:42,69.4154,30.8136,34.88,99,100,4.05
161,Tukrah,LY,4/22/2022 19:42,32.5341,20.5791,67.96,52,67,7.38
162,Aquidauana,BR,4/22/2022 19:42,-20.4711,-55.7872,89.82,38,87,5.93
163,Husavik,IS,4/22/2022 19:42,66.0449,-17.3389,45.72,73,73,2.84
164,Caorle,IT,4/22/2022 19:42,45.5966,12.8758,56.41,89,88,7.18
165,Cururupu,BR,4/22/2022 19:42,-1.8283,-44.8683,80.94,79,100,4.25
166,Maarianhamina,AX,4/22/2022 19:42,60.0973,19.9348,40.86,75,0,9.22
167,Salaga,GH,4/22/2022 19:42,8.5508,-0.5188,88.09,46,71,4.72
168,Tubuala,PA,4/22/2022 19:42,9.5167,-79.0333,81.97,69,99,3.49
169,Simoes,BR,4/22/2022 19:42,-7.5989,-40.8178,87.15,41,38,6.33
170,Vila Franca Do Campo,PT,4/22/2022 19:42,37.7167,-25.4333,57.61,68,86,10.09
171,Cayenne,GF,4/22/2022 19:42,4.9333,-52.3333,78.84,1,40,2.3
172,Gornopravdinsk,RU,4/22/2022 19:42,60.05,69.9,11.62,94,34,5.44
173,Waddan,LY,4/22/2022 19:42,29.1614,16.139,72.45,29,6,17
174,Cajamarca,PE,4/22/2022 19:38,-7.1638,-78.5003,64.47,63,75,10.36
175,Souillac,MU,4/22/2022 19:40,-20.5167,57.5167,77.38,73,75,14.97
176,Acari,PE,4/22/2022 19:42,-15.4311,-74.6158,77.49,63,30,10.33
177,Abha,SA,4/22/2022 19:39,18.2164,42.5053,66.02,37,40,19.57
178,Awbari,LY,4/22/2022 19:42,26.5921,12.7805,79.16,15,0,11.39
179,Morondava,MG,4/22/2022 19:42,-20.2833,44.2833,74.68,88,95,10.29
180,Puri,IN,4/22/2022 19:42,19.8,85.85,81.5,88,3,19.53
181,Igarka,RU,4/22/2022 19:42,67.4667,86.5833,13.73,96,98,8.52
182,Ponta Delgada,PT,4/22/2022 19:43,37.7333,-25.6667,57.92,58,75,10.36
183,Jiwani,PK,4/22/2022 19:43,25.05,61.7417,80.26,82,0,6.82
184,Shaygino,RU,4/22/2022 19:43,57.7675,46.8618,35.15,78,11,5.32
185,Nouadhibou,MR,4/22/2022 19:43,20.931,-17.0347,69.78,60,0,20.71
186,Johi,PK,4/22/2022 19:43,26.6921,67.6133,90.79,22,17,11.23
187,Lima,PE,4/22/2022 19:43,-12.0432,-77.0282,70.39,75,40,13.8
188,Satipo,PE,4/22/2022 19:43,-11.2522,-74.6386,90.68,43,78,1.45
189,Idukki,IN,4/22/2022 19:43,9.85,76.9667,70.61,93,100,3
190,Chakradharpur,IN,4/22/2022 19:43,22.7,85.6333,86.79,26,48,1.14
191,Ust-Koksa,RU,4/22/2022 19:43,50.2696,85.6108,28.45,87,24,3.33
192,Eirunepe,BR,4/22/2022 19:43,-6.6603,-69.8736,83.97,71,58,4.09
193,Klaksvik,FO,4/22/2022 19:42,62.2266,-6.589,45.52,83,73,18.59
194,Rakai,UG,4/22/2022 19:43,-0.72,31.4839,61.83,92,98,0.34
195,Mango,US,4/22/2022 19:43,27.9797,-82.3065,87.15,52,75,17
196,Ntchisi,MW,4/22/2022 19:43,-13.5278,33.9149,58.35,95,6,2.59
197,Punta Gorda,US,4/22/2022 19:42,26.9298,-82.0454,89.65,40,20,17.27
198,Gyal,HU,4/22/2022 19:43,47.3845,19.2214,48.7,85,100,10.36
199,Ilhabela,BR,4/22/2022 19:43,-23.7781,-45.3581,75.76,74,3,4.99
200,Arrecife,ES,4/22/2022 19:43,28.963,-13.5477,66.18,55,20,13.8
201,Viedma,AR,4/22/2022 19:43,-40.8135,-62.9967,56.23,49,6,15.41
202,Forasti,RO,4/22/2022 19:43,47.35,26.4667,55.78,89,68,5.93
203,Durban,ZA,4/22/2022 19:43,-29.8579,31.0292,73.92,88,31,8.01
204,Longyearbyen,SJ,4/22/2022 19:43,78.2186,15.6401,22.84,74,75,12.66
205,Iskateley,RU,4/22/2022 19:43,67.6803,53.1512,0.28,92,7,7.76
206,Iqaluit,CA,4/22/2022 19:43,63.7506,-68.5145,13.73,61,100,5.75
207,Clyde River,CA,4/22/2022 19:38,70.4692,-68.5914,5.23,78,0,6.91
208,Tahoua,NE,4/22/2022 19:43,14.8888,5.2692,93.51,7,3,8.97
209,Pesochnoye,RU,4/22/2022 19:43,58.006,39.1772,44.91,64,53,2.95
210,Rincon,US,4/22/2022 19:43,32.296,-81.2354,80.56,41,20,12.66
211,Culebra,PR,4/22/2022 19:43,18.303,-65.301,82.49,74,20,15.12
212,Mokrousovo,RU,4/22/2022 19:43,55.8103,66.7653,28.96,76,23,8.9
213,Sao Filipe,CV,4/22/2022 19:43,14.8961,-24.4956,74.41,74,0,5.93
214,Rudnichnyy,RU,4/22/2022 19:43,59.617,52.4703,28.15,93,100,3.62
215,Bambous Virieux,MU,4/22/2022 19:43,-20.3428,57.7575,77.25,73,75,14.97
216,Savelugu,GH,4/22/2022 19:43,9.6244,-0.8253,94.51,33,6,7.29
217,Moundou,TD,4/22/2022 19:43,8.5667,16.0833,89.96,37,92,6.78
218,Maniitsoq,GL,4/22/2022 19:43,65.4167,-52.9,31.01,91,100,4.59
219,Marsabit,KE,4/22/2022 19:43,2.3284,37.9899,67.23,83,86,8.99
220,Bighapur,IN,4/22/2022 19:43,26.35,80.6833,87.28,21,0,4.79
221,Bubaque,GW,4/22/2022 19:43,11.2833,-15.8333,77.13,81,84,21.61
222,Inirida,CO,4/22/2022 19:43,3.8653,-67.9239,86.31,64,69,1.88
223,Zatoka,UA,4/22/2022 19:43,46.0725,30.4654,48.45,88,28,17.96
224,Anloga,GH,4/22/2022 19:43,5.7947,0.8973,82.54,80,28,13.89
225,Dhone,IN,4/22/2022 19:43,15.4167,77.8833,82.78,59,13,11.32
226,San Cristobal,VE,4/22/2022 19:43,7.7669,-72.225,80.78,61,72,4.88
227,San Onofre,CO,4/22/2022 19:43,9.7359,-75.5263,77.14,80,100,1.03
228,Bonavista,CA,4/22/2022 19:43,48.6499,-53.1147,39.72,62,100,16.91
229,Sembe,CG,4/22/2022 19:44,1.6481,14.5806,75.76,85,83,1.97
230,Quatre Cocos,MU,4/22/2022 19:44,-20.2078,57.7625,77.11,70,97,19.06
231,Rampura,IN,4/22/2022 19:44,30.25,75.2333,80.69,22,0,7.81
232,Touros,BR,4/22/2022 19:44,-5.1989,-35.4608,81.21,76,96,12.55
233,Saint-Francois,FR,4/22/2022 19:44,46.4154,3.9054,58.44,55,0,5.75
234,Faya,SA,4/22/2022 19:44,18.3851,42.4509,66.31,36,95,2.15
235,Mato Verde,BR,4/22/2022 19:44,-15.3972,-42.8664,80.53,51,100,3.36
236,Luanda,AO,4/22/2022 19:44,-8.8368,13.2343,80.6,83,20,6.91
237,Pelym,RU,4/22/2022 19:44,61.0108,61.9978,12.72,97,72,2.93
238,Ornskoldsvik,SE,4/22/2022 19:44,63.2909,18.7153,38.35,81,100,3.44
239,Domoni,KM,4/22/2022 19:44,-12.2569,44.5319,77.86,92,100,10.69
240,Palaikastron,GR,4/22/2022 19:44,35.2,26.25,60.89,56,0,6.93
241,Gobabis,NA,4/22/2022 19:44,-22.45,18.9667,63.28,42,1,6.44
242,Jardim,BR,4/22/2022 19:44,-21.4803,-56.1381,81.61,54,98,1.83
243,Karpathos,GR,4/22/2022 19:44,35.507,27.2132,58.96,82,2,3.44
244,Miracema Do Tocantins,BR,4/22/2022 19:45,-9.5618,-48.3967,81.91,79,100,2.75
245,Safaga,EG,4/22/2022 19:45,26.7292,33.9365,76.71,43,49,7.94
246,Shakhty,RU,4/22/2022 19:45,47.7091,40.2144,46.02,83,52,5.91
247,Moyale,KE,4/22/2022 19:45,3.5167,39.0584,68.94,77,100,4.56
248,Grand Gaube,MU,4/22/2022 19:45,-20.0064,57.6608,77.4,76,97,8.99
249,Camana,PE,4/22/2022 19:45,-16.6228,-72.7111,71.92,74,29,9.66
250,Santiago Del Estero,AR,4/22/2022 19:42,-27.7951,-64.2615,66.43,77,100,20
251,Odweyne,SO,4/22/2022 19:45,9.4092,45.064,77,50,72,5.21
252,Cap Malheureux,MU,4/22/2022 19:45,-19.9842,57.6142,77.47,76,96,8.99
253,Camopi,GF,4/22/2022 19:45,3.1655,-52.3158,73.09,96,100,1.16
254,Krasnoselkup,RU,4/22/2022 19:45,65.7,82.4667,3.79,94,100,10.58
255,Barkaker,NO,4/22/2022 19:45,59.3167,10.3833,59.49,43,0,3.44
256,Varginha,BR,4/22/2022 19:45,-21.5514,-45.4303,73.54,65,5,1.07
257,Axim,GH,4/22/2022 19:45,4.8699,-2.2405,80.2,84,46,8.81
258,Mandera,KE,4/22/2022 19:45,3.9366,41.867,86.34,55,100,5.86
259,Port-Gentil,GA,4/22/2022 19:45,-0.7193,8.7815,80.56,83,40,4.61
260,Kutum,SD,4/22/2022 19:45,14.2,24.6667,80.33,14,0,4.81
261,Jacmel,HT,4/22/2022 19:45,18.2342,-72.5347,85.84,71,65,3.76
262,Torbat-E Jam,IR,4/22/2022 19:45,35.244,60.6225,69.42,40,100,6.51
263,Miraflores,MX,4/22/2022 19:45,19.2167,-98.8083,74.03,31,69,5.28
264,Kamien Pomorski,PL,4/22/2022 19:45,53.9685,14.7726,48.56,76,2,9.93
265,Yarada,IN,4/22/2022 19:45,17.65,83.2667,84.52,79,20,5.75
266,Abu Kamal,SY,4/22/2022 19:45,34.4506,40.9171,73.53,18,63,6.58
267,Sao Joao Da Barra,BR,4/22/2022 19:45,-21.6403,-41.0511,89.69,78,0,9.57
268,Hofn,IS,4/22/2022 19:45,64.2539,-15.2082,45.14,84,12,3.76
269,Comodoro Rivadavia,AR,4/22/2022 19:40,-45.8667,-67.5,57.06,38,0,13.8
270,Reading,GB,4/22/2022 19:45,51.4562,-0.9711,56.01,64,75,14.97
271,Humaita,BR,4/22/2022 19:45,-7.5061,-63.0208,83.23,72,100,2.51
272,Forestville,US,4/22/2022 19:45,38.8451,-76.875,74.73,27,0,13.8
273,Tunceli,TR,4/22/2022 19:45,39.1083,39.5471,55.76,42,4,5.77
274,Oussouye,SN,4/22/2022 19:45,12.485,-16.5469,89.78,62,46,7.78
275,Vestmannaeyjar,IS,4/22/2022 19:45,63.4427,-20.2734,46.76,85,100,16.91
276,Henties Bay,NA,4/22/2022 19:46,-22.116,14.2845,63.14,83,0,6.04
277,Huarmey,PE,4/22/2022 19:46,-10.0681,-78.1522,71.91,77,31,10.83
278,Zhezkazgan,KZ,4/22/2022 19:43,47.8043,67.7144,52.12,63,10,9.26
279,Bonthe,SL,4/22/2022 19:46,7.5264,-12.505,81.03,78,100,8.46
280,Bandora,IN,4/22/2022 19:46,15.4,73.9667,81.16,79,93,1.77
281,Sabha,LY,4/22/2022 19:46,27.0377,14.4283,80.62,17,0,16.89
282,Oriximina,BR,4/22/2022 19:46,-1.7656,-55.8661,73,96,100,0.81
283,Loukhi,RU,4/22/2022 19:46,66.0764,33.0381,34.2,93,100,6.78
284,Colwyn Bay,GB,4/22/2022 19:46,53.2948,-3.7267,55.74,61,10,14
285,Livani,LV,4/22/2022 19:46,56.3543,26.1758,48.47,64,94,3.91
286,San Juan,AR,4/22/2022 19:46,-31.5375,-68.5364,71.11,35,0,14.12
287,Synya,RU,4/22/2022 19:46,65.3718,58.0387,7.21,97,32,3.78
288,Tabas,IR,4/22/2022 19:46,33.5959,56.9244,82.62,20,100,4.61
289,Grenaa,DK,4/22/2022 19:46,56.4158,10.8783,52.59,80,39,12.3
290,Krasnyy Yar,RU,4/22/2022 19:46,46.5331,48.3456,55.33,43,100,13.06
291,Aranos,NA,4/22/2022 19:46,-24.1333,19.1167,68.9,34,0,8.61
292,Bridlington,GB,4/22/2022 19:46,54.0831,-0.1919,49.89,86,0,18.32
293,Irituia,BR,4/22/2022 19:46,-1.7711,-47.4381,78.89,94,100,1.88
294,Meulaboh,ID,4/22/2022 19:41,4.1363,96.1285,78.1,89,77,3.24
295,Carsamba,TR,4/22/2022 19:46,41.1989,36.7219,52.79,93,75,4.61
296,Tefe,BR,4/22/2022 19:46,-3.3542,-64.7114,91.51,58,40,4.61
297,Qaqortoq,GL,4/22/2022 19:46,60.7167,-46.0333,37.31,80,100,3.87
298,Praia,CV,4/22/2022 19:46,14.9215,-23.5087,77.54,57,0,21.85
299,Reconquista,AR,4/22/2022 19:46,-29.15,-59.65,75.22,69,75,21.85
300,Muskegon,US,4/22/2022 19:44,43.3,-86.1334,48.94,89,100,5.75
301,Aguimes,ES,4/22/2022 19:46,27.9054,-15.4461,61.66,75,75,8.01
302,Marrakesh,MA,4/22/2022 19:46,31.6315,-8.0083,62.67,51,40,14.97
303,Marawi,PH,4/22/2022 19:46,7.9986,124.2928,67.77,94,30,2.21
304,Ercis,TR,4/22/2022 19:46,39.0287,43.3586,48.81,55,50,3.56
305,Kargil,IN,4/22/2022 19:46,34.5667,76.1,35.15,68,81,6.93
306,Carnarvon,AU,4/22/2022 19:46,-24.8667,113.6333,66.27,88,0,5.75
307,Douentza,ML,4/22/2022 19:44,14.9951,-2.9517,91.54,11,95,5.3
308,Unhel,IN,4/22/2022 19:46,23.3333,75.5667,86.76,17,1,12.08
309,Athens,GR,4/22/2022 19:41,37.9795,23.7162,64.53,67,75,4
310,Tabou,CI,4/22/2022 19:46,4.423,-7.3528,79.16,83,20,6.15
311,Corner Brook,CA,4/22/2022 19:45,48.9667,-57.9484,41.16,97,100,6.91
312,Great Yarmouth,GB,4/22/2022 19:46,52.6083,1.7305,49.95,89,45,18.97
313,Xuddur,SO,4/22/2022 19:46,4.1213,43.8894,80.78,61,98,13.02
314,Teguise,ES,4/22/2022 19:46,29.0605,-13.564,62.82,55,20,13.8
315,Puerto Baquerizo Moreno,EC,4/22/2022 19:46,-0.9,-89.6,72.9,88,50,9.78
316,Calabozo,VE,4/22/2022 19:46,8.9242,-67.4293,91.51,39,99,1.39
317,Banda Aceh,ID,4/22/2022 19:46,5.5577,95.3222,80.53,82,49,5.41
318,San Miguel,SV,4/22/2022 19:46,13.4833,-88.1833,94.6,43,40,4.61
319,Koungou,YT,4/22/2022 19:46,-12.7336,45.2042,80.31,83,100,16.11
320,Pokhara,NP,4/22/2022 19:46,28.2333,83.9833,66.87,57,0,7.45
321,Torzhok,RU,4/22/2022 19:46,57.0436,34.9622,44.82,88,100,3.8
322,Ruangwa,TZ,4/22/2022 19:46,-10.0667,38.9333,71.33,93,100,1.63
323,Maxixe,MZ,4/22/2022 19:46,-23.8597,35.3472,71.89,77,100,2.39
324,Male,MV,4/22/2022 19:47,4.1748,73.5089,80.55,94,100,2.3
325,Virginia Beach,US,4/22/2022 19:43,36.8529,-75.978,76.05,52,40,8.05
326,Havoysund,NO,4/22/2022 19:47,70.9963,24.6622,35.83,76,100,15.41
327,Chateaudun,FR,4/22/2022 19:47,48.0833,1.3333,59.95,78,81,9.95
328,Waynesville,US,4/22/2022 19:47,35.4887,-82.9887,80.2,43,100,3
329,Tiznit,MA,4/22/2022 19:47,29.5833,-9.5,55.63,73,14,9.91
330,Tocopilla,CL,4/22/2022 19:47,-22.092,-70.1979,68.68,72,20,9.6
331,Salta,AR,4/22/2022 19:47,-24.7859,-65.4117,88.39,19,0,8.05
332,Plettenberg Bay,ZA,4/22/2022 19:47,-34.0527,23.3716,59.65,80,100,4.56
333,Gilgit,PK,4/22/2022 19:47,35.9221,74.3087,59.04,75,100,6.17
334,Takoradi,GH,4/22/2022 19:47,4.8845,-1.7554,80.74,84,37,9.8
335,Kushmurun,KZ,4/22/2022 19:47,52.4503,64.6311,38.32,44,4,7.36
336,Kosa,RU,4/22/2022 19:47,59.9445,54.9977,25.65,92,85,4.16
337,Trinidad,BO,4/22/2022 19:47,-14.8333,-64.9,87.78,70,75,8.05
338,Oranjemund,NA,4/22/2022 19:47,-28.55,16.4333,56.66,89,38,11.16
339,Oyugis,KE,4/22/2022 19:47,-0.509,34.7358,66.78,90,99,3.02
340,Riberalta,BO,4/22/2022 19:47,-10.9833,-66.1,88,66,75,18.41
341,Ustye,RU,4/22/2022 19:47,59.6304,39.736,43.3,88,100,3.89
342,Teya,RU,4/22/2022 19:44,60.3778,92.6267,32.61,94,100,5.37
343,Tamandare,BR,4/22/2022 19:47,-8.7597,-35.1047,80.67,79,26,6.62
344,Sawakin,SD,4/22/2022 19:47,19.1059,37.3321,85.19,55,75,8.23
345,Adilabad,IN,4/22/2022 19:47,19.6667,78.5333,88.84,36,98,7.05
346,Toamasina,MG,4/22/2022 19:47,-18.1667,49.3833,75.11,91,100,3.04
347,Ascona,CH,4/22/2022 19:47,46.1545,8.7733,60.75,60,75,3.44
348,Aswan,EG,4/22/2022 19:47,24.0934,32.907,87.1,7,0,4.61
349,Tyumentsevo,RU,4/22/2022 19:47,53.3224,81.498,28.99,50,74,3.31
350,Le Port,RE,4/22/2022 19:47,-20.9373,55.2919,77,87,82,9.13
351,Kapoeta,SS,4/22/2022 19:47,4.7717,33.5903,77.81,69,100,5.82
352,Matane,CA,4/22/2022 19:45,48.8286,-67.522,42.13,67,100,18.1
353,Dhidhdhoo,MV,4/22/2022 19:47,6.8833,73.1,84.13,70,100,1.19
354,Puteyets,RU,4/22/2022 19:47,65.1716,57.091,11.19,94,57,4.41
355,Moa,CU,4/22/2022 19:47,20.6569,-74.9403,79.39,72,23,14.12
356,Saint-Raymond,CA,4/22/2022 19:47,45.467,-73.6095,55.81,41,75,17.27
357,Zaragoza,ES,4/22/2022 19:47,41.6561,-0.8773,60.03,79,75,5.75
358,Merrill,US,4/22/2022 19:47,45.1805,-89.6835,48.97,66,100,14.97
359,Leh,IN,4/22/2022 19:47,34.1667,77.5833,38.57,61,69,4.52
360,Koroni,GR,4/22/2022 19:47,36.8,21.95,61.07,77,88,6.8
361,Naryan-Mar,RU,4/22/2022 19:47,67.6713,53.087,0.57,92,8,7.85
362,Marzuq,YE,4/22/2022 19:47,14.4,46.4667,70.3,50,5,5.32
363,Melilla,ES,4/22/2022 19:44,35.2937,-2.9383,62.98,59,0,0
364,Mana,GF,4/22/2022 19:47,5.6592,-53.7767,74.64,95,100,5.19
365,Tulsipur,NP,4/22/2022 19:47,28.131,82.2973,72.86,27,2,6.51
366,Eidfjord,NO,4/22/2022 19:47,60.4675,7.0719,43.92,91,30,6.17
367,Manta,EC,4/22/2022 19:47,-0.95,-80.7333,83.98,74,20,9.22
368,Krasnoborsk,RU,4/22/2022 19:47,61.5598,45.934,38.7,96,100,3.44
369,Nuuk,GL,4/22/2022 19:43,64.1835,-51.7216,34.41,100,75,2.3
370,Harper,LR,4/22/2022 19:47,4.375,-7.7169,78.51,84,21,5.82
371,Las Matas De Farfan,DO,4/22/2022 19:47,18.8731,-71.5166,79.68,61,97,2.57
372,Rawson,AR,4/22/2022 19:47,-43.3002,-65.1023,59.04,38,63,5.32
373,Honningsvag,NO,4/22/2022 19:48,70.9821,25.9704,35.35,80,75,10.36
374,Macia,MZ,4/22/2022 19:48,-25.0269,33.0989,66.29,92,90,4.18
375,Natal,BR,4/22/2022 19:43,-5.795,-35.2094,86.22,74,20,12.66
376,Bloemfontein,ZA,4/22/2022 19:48,-29.1211,26.214,58.48,82,100,1.14
377,Richards Bay,ZA,4/22/2022 19:48,-28.783,32.0377,69.26,90,85,3.38
378,Bilma,NE,4/22/2022 19:48,18.6853,12.9164,92.05,11,2,7.45
379,Mitsamiouli,KM,4/22/2022 19:48,-11.3847,43.2844,80.4,83,100,18.59
380,Beyneu,KZ,4/22/2022 19:48,45.3167,55.2,62.55,55,43,15.32
381,Paamiut,GL,4/22/2022 19:48,61.994,-49.6678,33.58,93,99,5.26
382,Conceicao Do Araguaia,BR,4/22/2022 19:48,-8.2578,-49.2647,83.32,77,100,2.33
383,Bezhanitsy,RU,4/22/2022 19:48,56.9767,29.8907,44.35,69,7,1.86
384,Namibe,AO,4/22/2022 19:48,-15.1961,12.1522,72.34,83,68,2.98
385,Aktau,KZ,4/22/2022 19:48,43.65,51.2,54.18,67,14,12.03
386,Antofagasta,CL,4/22/2022 19:48,-23.65,-70.4,63.68,76,28,8.77
387,Prado,BR,4/22/2022 19:48,-17.3411,-39.2208,78.13,71,7,7.76
388,Rio Gallegos,AR,4/22/2022 19:48,-51.6226,-69.2181,55.45,30,0,14.97
389,Sarab,IR,4/22/2022 19:49,38.6066,44.9883,60.57,35,0,4.83
390,Tanout,NE,4/22/2022 19:49,14.9709,8.8879,91,20,35,1.57
391,Luchenza,MW,4/22/2022 19:49,-16.0069,35.3095,66.99,99,74,3.76
392,Nioro,GM,4/22/2022 19:49,13.35,-15.75,91.92,22,10,11.12
393,Cap-Aux-Meules,CA,4/22/2022 19:49,47.3821,-61.8597,42.85,87,100,13.8
394,Marktheidenfeld,DE,4/22/2022 19:49,49.8442,9.6039,54.63,87,16,8.32
395,Bridgetown,BB,4/22/2022 19:46,13.1,-59.6167,86.49,51,20,17.27
396,Kalas,IN,4/22/2022 19:49,18.1667,74.8,87.31,36,94,12.06
397,Blagoveshchenka,RU,4/22/2022 19:49,52.8333,79.8667,31.01,60,8,1.66
398,Mayumba,GA,4/22/2022 19:49,-3.432,10.6554,77.97,90,100,2.93
399,Santa Fe,AR,4/22/2022 19:49,-31.6333,-60.7,60.03,86,86,5.99
400,Karasjok,NO,4/22/2022 19:49,69.4719,25.5112,30.52,92,99,4
401,Les Cayes,HT,4/22/2022 19:47,18.2,-73.75,79.48,75,64,6.06
402,Buchanan,LR,4/22/2022 19:49,5.8808,-10.0467,80.13,79,99,7.74
403,Kologriv,RU,4/22/2022 19:49,58.8275,44.3178,40.71,69,12,4.83
404,Roald,NO,4/22/2022 19:49,62.5833,6.1333,48.33,81,0,18.41
405,Farafangana,MG,4/22/2022 19:49,-22.8167,47.8333,73.85,92,100,6.04
406,Omboue,GA,4/22/2022 19:49,-1.5746,9.2618,78.53,87,100,4.85
407,Quelimane,MZ,4/22/2022 19:49,-17.8786,36.8883,80.55,89,40,3.44
408,Sisimiut,GL,4/22/2022 19:49,66.9395,-53.6735,26.96,86,100,7.99
409,Ostrow Mazowiecka,PL,4/22/2022 19:49,52.8024,21.8951,40.62,94,35,6.08
410,Dublin,US,4/22/2022 19:47,37.7021,-121.9358,62.71,62,75,9.22
411,Cherepovets,RU,4/22/2022 19:49,59.1333,37.9,44.42,70,0,0
412,Karpogory,RU,4/22/2022 19:49,64.0019,44.4451,35.44,99,100,3.76
413,Malakal,SS,4/22/2022 19:49,9.5334,31.6605,85.91,50,100,5.14
414,Jacksonville Beach,US,4/22/2022 19:49,30.2947,-81.3931,79.03,67,20,17.27
415,Camacha,PT,4/22/2022 19:49,33.0833,-16.3333,58.42,72,40,25.32
416,Jalingo,NG,4/22/2022 19:49,8.8833,11.3667,89.01,46,8,4.32
417,Visby,SE,4/22/2022 19:49,57.6409,18.296,42.82,87,8,6.91
418,Algiers,DZ,4/22/2022 19:48,36.7525,3.042,60.62,59,0,10.36
419,Chapais,CA,4/22/2022 19:49,49.7834,-74.8492,29.98,62,94,13.42
420,Padang,ID,4/22/2022 19:50,-0.9492,100.3543,79.09,84,100,3.2
421,Berbera,SO,4/22/2022 19:50,10.4396,45.0143,82.53,84,21,4.07
422,Mecca,SA,4/22/2022 19:49,21.4267,39.8261,80.83,73,12,4.68
423,Havelock,US,4/22/2022 19:50,34.8791,-76.9013,80.56,65,40,10.36
424,Vetluzhskiy,RU,4/22/2022 19:50,58.3902,45.4654,38.84,70,2,5.48
425,Maturin,VE,4/22/2022 19:50,9.75,-63.1767,88.66,45,94,7.96
426,Leshukonskoye,RU,4/22/2022 19:50,64.8989,45.7622,34.92,99,100,4.27
427,Dire,ML,4/22/2022 19:50,12.2833,-10.9667,94.19,12,100,2.42
428,Oistins,BB,4/22/2022 19:50,13.0667,-59.5333,86.09,51,20,17.27
429,Priyutnoye,RU,4/22/2022 19:50,46.1011,43.5072,45.91,78,6,10.09
430,Ballina,AU,4/22/2022 19:50,-28.8667,153.5667,66.16,89,100,11.5
431,Mitu,CO,4/22/2022 19:50,1.1983,-70.1733,84.11,58,80,3.58
432,Pasni,PK,4/22/2022 19:50,25.2631,63.471,79.32,88,0,6.76
433,Matara,LK,4/22/2022 19:50,5.9485,80.5353,78.89,84,99,4.05
434,Oni,GE,4/22/2022 19:50,42.5794,43.4425,39.85,88,6,5.03
435,Aripuana,BR,4/22/2022 19:50,-9.1667,-60.6333,80.91,83,95,3.4
436,Kinkala,CG,4/22/2022 19:50,-4.3614,14.7644,72.36,96,100,3.71
437,Mungwi,ZM,4/22/2022 19:50,-10.1732,31.3694,62.58,95,68,3.91
438,Haskovo,BG,4/22/2022 19:50,41.9403,25.5694,54.09,68,95,12.17
439,Savinskiy,RU,4/22/2022 19:50,62.9342,40.1361,35.08,82,100,9.53
440,Le Havre,FR,4/22/2022 19:46,49.4938,0.1077,55.15,82,100,10.36
441,Crotone,IT,4/22/2022 19:50,39.0851,17.1178,60.19,71,36,7.52
442,Ginda,IN,4/22/2022 19:50,30.6945,78.4932,52.57,60,0,8.55
443,Progreso,MX,4/22/2022 19:50,21.2833,-89.6667,91.11,63,0,21.18
444,Kastamonu,TR,4/22/2022 19:50,41.5,33.6667,50.67,62,8,1.41
445,Kamenka,RU,4/22/2022 19:50,51.3223,42.7678,45.3,92,96,4.68
446,Inhambane,MZ,4/22/2022 19:50,-23.865,35.3833,72.88,75,100,3.02
447,Rio Grande,BR,4/22/2022 19:50,-32.035,-52.0986,80.71,75,100,3.74
448,Tessalit,ML,4/22/2022 19:50,20.1986,1.0114,85.84,7,100,9.42
449,Jorochito,BO,4/22/2022 19:50,-18.05,-63.4333,88.12,56,0,13.44
450,Kirkenaer,NO,4/22/2022 19:50,60.4564,12.0582,48.65,66,35,5.46
451,Olafsvik,IS,4/22/2022 19:50,64.8945,-23.7142,46.24,83,92,8.41
452,Zyryanovsk,KZ,4/22/2022 19:50,49.7386,84.2719,34,78,27,1.28
453,Unirea,RO,4/22/2022 19:50,44.15,23.1833,54.84,89,6,10.8
454,Kalmunai,LK,4/22/2022 19:50,7.4167,81.8167,78.57,85,73,5.19
455,Kulhudhuffushi,MV,4/22/2022 19:50,6.6221,73.07,83.77,71,100,0.98
456,Lagos,NG,4/22/2022 19:50,6.5833,3.75,82.72,83,100,3.76
457,Marevo,RU,4/22/2022 19:50,57.3146,32.0804,44.11,81,17,3.2
458,Umba,RU,4/22/2022 19:50,66.6871,34.3429,33.94,96,97,7.2
459,Porbandar,IN,4/22/2022 19:50,21.6422,69.6093,81.59,71,0,11.41
460,Pielesti,RO,4/22/2022 19:50,44.3333,23.95,56.48,76,0,15.01
461,Sovetskiy,RU,4/22/2022 19:50,61.3614,63.5842,11.1,97,25,2.57
462,Grand-Santi,GF,4/22/2022 19:50,4.25,-54.3833,74.41,98,100,1.43
463,Dwarka,IN,4/22/2022 19:50,22.2394,68.9678,80.38,79,0,10.98
464,Penzance,GB,4/22/2022 19:50,50.1186,-5.5371,52.48,84,100,17.22
465,Maldonado,UY,4/22/2022 19:50,-34.6667,-54.9167,60.22,90,100,13.85
466,Krasnozerskoye,RU,4/22/2022 19:51,53.9828,79.2374,29.01,50,38,4.16
467,Shelburne,CA,4/22/2022 19:51,44.0787,-80.2041,57.76,56,87,4.03
468,Southbury,US,4/22/2022 19:51,41.4815,-73.2132,65.82,34,0,13.2
469,Maceio,BR,4/22/2022 19:49,-9.6658,-35.7353,83.64,74,40,11.5
470,Bjelovar,HR,4/22/2022 19:51,45.8986,16.8489,48.04,98,97,4.81
471,Kapuskasing,CA,4/22/2022 19:47,49.4169,-82.4331,42.8,24,40,6.91
472,Coruripe,BR,4/22/2022 19:51,-10.1256,-36.1756,81.01,74,6,7.76
473,Marsa Matruh,EG,4/22/2022 19:51,31.3525,27.2453,61,77,0,9.22
474,Kilindoni,TZ,4/22/2022 19:51,-7.9139,39.6668,81.72,74,99,6.11
475,Safranbolu,TR,4/22/2022 19:51,41.2508,32.6942,55.29,64,11,2.42
476,Olesno,PL,4/22/2022 19:51,50.877,18.4209,42.75,79,100,8.77
477,Salekhard,RU,4/22/2022 19:51,66.53,66.6019,-3.57,99,100,2.13
478,Ugoofaaru,MV,4/22/2022 19:51,5.6667,73,83.77,72,100,3.6
479,Bombay,IN,4/22/2022 19:47,19.0144,72.8479,87.78,62,74,3.44
480,Sharqpur,PK,4/22/2022 19:51,31.4633,74.1,82.53,25,0,4.9
481,Starokostyantyniv,UA,4/22/2022 19:51,49.7576,27.2034,44.76,90,100,5.88
482,Thompson,CA,4/22/2022 19:51,55.7435,-97.8558,42.96,26,20,4.61
483,Matadi,CD,4/22/2022 19:51,-5.8167,13.45,77.52,92,76,3.13
484,Clarksburg,US,4/22/2022 19:51,39.2807,-80.3445,73.92,36,0,5.75
485,Pleshanovo,RU,4/22/2022 19:51,52.8333,53.4833,46.94,76,58,9.15
486,Puerto Escondido,MX,4/22/2022 19:51,15.85,-97.0667,86.85,60,28,8.48
487,El Rosario,MX,4/22/2022 19:51,24.2556,-107.1828,86.11,38,0,12.73
488,Gao,ML,4/22/2022 19:51,16.6362,1.637,90.86,10,100,10.49
489,Gashua,NG,4/22/2022 19:51,12.871,11.0482,92.88,11,98,5.86
490,Igurusi,TZ,4/22/2022 19:51,-8.85,33.85,65.64,91,61,2.84
491,Kontagora,NG,4/22/2022 19:51,10.3999,5.4695,90.14,39,99,3.09
492,Corinto,GR,4/22/2022 19:51,37.9407,22.9573,62.42,77,94,4.94
493,Dudinka,RU,4/22/2022 19:51,69.4058,86.1778,-5.53,100,95,5.3
494,Koulikoro,ML,4/22/2022 19:51,14,-7.75,91.67,11,100,9.19
495,Thunder Bay,CA,4/22/2022 19:50,48.4001,-89.3168,38.28,78,100,14.97
496,Araguacu,BR,4/22/2022 19:51,-12.9306,-49.8264,85.46,65,100,2.28
497,Svetlyy,RU,4/22/2022 19:51,54.675,20.1347,46.45,77,59,6.78
498,Wajir,KE,4/22/2022 19:51,1.7471,40.0573,80.38,75,100,4.92
499,Liverpool,GB,4/22/2022 19:51,53.4106,-2.9779,55.35,59,20,17.27
500,Banyo,CM,4/22/2022 19:51,6.75,11.8167,73.45,69,100,0.87
501,Weligama,LK,4/22/2022 19:51,5.9667,80.4167,79.5,82,100,3.85
502,Nikolo-Pavlovskoye,RU,4/22/2022 19:51,57.7831,60.0578,27.25,75,57,3.62
503,Madarounfa,NE,4/22/2022 19:51,13.3087,7.156,98.01,19,52,6.08
504,Tara,RU,4/22/2022 19:51,56.8944,74.371,23.43,70,99,7.63
505,Formosa,AR,4/22/2022 19:51,-26.1775,-58.1781,84.18,65,20,5.75
506,Porto Novo,BJ,4/22/2022 19:51,6.4965,2.6036,84.02,79,100,9.82
507,Toccoa,US,4/22/2022 19:51,34.5773,-83.3324,84.63,41,0,0
508,El Paso,US,4/22/2022 19:49,31.8001,-106.2005,87.69,9,0,20.71
509,Ferma,RU,4/22/2022 19:51,57.9016,56.3064,26.73,68,0,6.71
510,Mokhotlong,LS,4/22/2022 19:51,-29.2894,29.0675,53.67,75,100,1.36
511,Tsabong,BW,4/22/2022 19:51,-26.0217,22.401,71.38,50,97,7.36
512,Otjimbingwe,NA,4/22/2022 19:51,-22.35,16.1333,72.19,38,6,5.7
513,Yermish,RU,4/22/2022 19:51,54.7678,42.2711,42.28,81,42,5.77
514,Kalmar,SE,4/22/2022 19:51,56.6616,16.3616,42.15,93,5,5.99
515,Nata,PA,4/22/2022 19:52,8.3333,-80.5167,85.87,61,98,10.02
516,Kosh-Agach,RU,4/22/2022 19:52,50,88.6667,25.59,68,40,3.91
517,Trairi,BR,4/22/2022 19:52,-3.2778,-39.2689,79.59,84,62,7.38
518,Krasnoarmeyskiy,RU,4/22/2022 19:52,47.0114,42.2072,44.87,90,33,12.55
519,Baykalovo,RU,4/22/2022 19:52,57.3981,63.7684,26.89,73,27,4.21
520,Kangaatsiaq,GL,4/22/2022 19:52,68.3065,-53.4641,19.74,80,100,5.14
521,Conde,BR,4/22/2022 19:50,-7.2597,-34.9075,83.66,74,40,11.5
522,Maltahohe,NA,4/22/2022 19:52,-24.8333,16.9833,68.79,32,70,8.1
523,Katsina,NG,4/22/2022 19:52,12.9894,7.6006,95.59,22,85,5.32
524,Oktyabrskiy,RU,4/22/2022 19:52,54.4815,53.471,37.9,67,0,6.13
525,Pohrebyshche,UA,4/22/2022 19:52,49.4864,29.2636,48.49,81,87,16.53
526,Lobito,AO,4/22/2022 19:52,-12.3481,13.5456,76.66,87,61,1.97
527,Baijiantan,CN,4/22/2022 19:52,45.6333,85.1833,65.28,36,93,8.19
528,Binga,ZW,4/22/2022 19:52,-17.6203,27.3414,68.31,83,2,2.33
529,Lerwick,GB,4/22/2022 19:52,60.1545,-1.1494,44.6,85,44,20.62
530,Phalaborwa,ZA,4/22/2022 19:52,-23.943,31.1411,69.08,72,40,4.16
531,Coihaique,CL,4/22/2022 19:52,-45.5752,-72.0662,46.35,87,100,4.61
532,Lochgilphead,GB,4/22/2022 19:52,56.038,-5.4321,50.31,65,75,7.76
533,Turayf,SA,4/22/2022 19:52,31.6725,38.6637,73.65,23,0,11.5
534,Zaysan,KZ,4/22/2022 19:52,47.4667,84.8667,42.35,77,78,2.44
535,Oksfjord,NO,4/22/2022 19:52,70.2396,22.3479,37.47,93,100,6.91
536,Senanga,ZM,4/22/2022 19:52,-16.1167,23.2667,69.04,59,100,5.17
537,Grand-Lahou,CI,4/22/2022 19:52,5.1367,-5.0242,80.33,83,71,9.8
538,Muros,ES,4/22/2022 19:48,42.7762,-9.0603,50.16,84,100,5.14
539,Peterhead,GB,4/22/2022 19:52,57.5058,-1.7981,50.4,79,0,9.66
540,Bredy,RU,4/22/2022 19:52,52.4153,60.3411,40.46,44,29,7.23
541,Sfantu Gheorghe,RO,4/22/2022 19:53,45.8667,25.7833,52.93,92,68,4.52
542,Kasese,UG,4/22/2022 19:53,0.1833,30.0833,67.23,91,100,3.42
543,Sambalpur,IN,4/22/2022 19:53,21.45,83.9667,82.26,34,0,1.01
544,Coihueco,CL,4/22/2022 19:53,-36.6167,-71.8333,54.34,100,100,11.5
545,Los Algarrobos,PA,4/22/2022 19:53,8.5,-82.4333,84.61,66,40,10.36
546,Taltal,CL,4/22/2022 19:50,-25.4,-70.4833,66.99,75,25,6.73
547,Esna,EG,4/22/2022 19:53,25.2934,32.554,80.62,11,85,11.99
548,Campobasso,IT,4/22/2022 19:53,41.6333,14.5833,53.94,91,98,3.98
549,Sarwar,IN,4/22/2022 19:53,26.0667,75,84.4,13,38,9.42
550,Wagar,SD,4/22/2022 19:53,16.1525,36.2032,89.44,39,3,17.49
551,Constitucion,CL,4/22/2022 19:50,-35.3333,-72.4167,57.36,93,99,2.66
552,Moquegua,PE,4/22/2022 19:53,-17.1956,-70.9353,72.75,41,4,8.34
553,Pinega,RU,4/22/2022 19:53,64.7001,43.3936,34.79,99,100,4.56
554,Boa Vista,BR,4/22/2022 19:53,2.8197,-60.6733,85.98,62,40,8.05
555,Izmit,TR,4/22/2022 19:53,40.7669,29.9169,61.47,62,70,3.8
556,Kemin,KG,4/22/2022 19:53,42.7846,75.6892,54.23,82,54,4.99
557,Kuzhithurai,IN,4/22/2022 19:53,8.3167,77.1833,80.28,85,100,1.77
558,Yafran,LY,4/22/2022 19:53,32.0633,12.5286,60.3,41,0,5.39
559,Matay,EG,4/22/2022 19:53,28.419,30.7792,70.72,34,0,9.82
560,Arlit,NE,4/22/2022 19:53,18.7369,7.3853,89.91,9,3,9.64
561,Villaviciosa,ES,4/22/2022 19:54,43.4813,-5.4357,53.17,91,100,2.28
562,Kem,RU,4/22/2022 19:54,64.9555,34.5793,34.29,92,47,9.53
563,Hornepayne,CA,4/22/2022 19:54,49.2138,-84.7705,39.85,61,99,5.19
564,Harlingen,US,4/22/2022 19:54,26.1906,-97.6961,89.06,44,0,21.79
565,Bukama,CD,4/22/2022 19:54,-9.2,25.85,69.82,93,19,1.54
566,Road Town,VG,4/22/2022 19:54,18.4167,-64.6167,78.84,78,40,5.75
567,Dekernes,EG,4/22/2022 19:54,31.0876,31.595,57,86,94,5.97
